{
  "$schema": "http://json-schema.org/draft-04/schema#",
  "description": "Object schema ver 1.0",
  "additionalProperties": false,
  "type": "object",
  "properties": {
    "nurse_ascriptions": {
      "type": "array",
      "items": {
        "additionalProperties": false,
        "additionalItems": false,
        "required": [],
        "properties": {
          "member_id": {
            "type": "integer",
            "format": "int32"
          },
          "member_id_code": {
            "type": "integer",
            "format": "int32"
          },
          "position_id": {
            "type": "integer",
            "format": "int32"
          },
          "emp_number": {
            "type": "integer",
            "format": "int32"
          },
          "ascription_start_date": {
            "type": "string",
            "format": "date-time"
          },
          "ascription_end_date": {
            "type": "string",
            "format": "date-time"
          },
          "reason_group": {
            "type": ["string", "null"]
          },
          "reason_name": {
            "type": ["string", "null"]
          },
          "reason_text": {
            "type": ["string", "null"]
          },
          "ascription_type": {
            "type": "string"
          }
        }
      },
    },
    "validation_list": {

      "type": "array",
      "items": {
        "additionalProperties": false,
        "additionalItems": false,
        "required": [],
        "properties": {}
      }
    },
    "status": {
      "type": "integer",
      "format": "int32"
    },
    "is_valid": {
      "type": "boolean"
    },
    "message": {
      "type": ["string", "null"]
    }
  }
}
